Material, Thickness (cm), Dose (rad), High Risk Events
Aluminum Wall 6mm (BaseLine),2.0,2.93494e-18,398714
Aluminum Wall 6mm (BaseLine),2.5,2.93352e-18,398500
Aluminum Wall 6mm (BaseLine),3.0,2.9337e-18,398944
Aluminum Wall 6mm (BaseLine),3.5,2.9341500000000003e-18,398734
Aluminum Wall 6mm (BaseLine),4.0,2.93773e-18,397903
Aluminum Wall 6mm (BaseLine),4.5,2.9341900000000004e-18,398534
Aluminum Wall 6mm (BaseLine),5.0,2.9351100000000004e-18,398131
Aluminum Wall 6mm (BaseLine),5.5,2.93619e-18,398299
Aluminum Wall 6mm (BaseLine),6.0,2.9381200000000004e-18,398227
Aluminum Wall 6mm (BaseLine),6.5,2.93625e-18,398665
Aluminum Wall 6mm (BaseLine),7.0,2.9341500000000003e-18,397543
Aluminum Wall 6mm (BaseLine),7.5,2.9326500000000003e-18,398055
Aluminum Wall 6mm (BaseLine),8.0,2.9333300000000004e-18,397337
Aluminum Wall 6mm (BaseLine),8.5,2.9363400000000004e-18,397652
Aluminum Wall 6mm (BaseLine),9.0,2.93368e-18,397537
Aluminum Wall 6mm (BaseLine),9.5,2.93564e-18,397718
Aluminum Wall 6mm (BaseLine),10.0,2.9327100000000003e-18,397346
Aluminum Wall 6mm (BaseLine),10.5,2.93457e-18,397308
Aluminum Wall 6mm (BaseLine),11.0,2.93404e-18,397935
Aluminum Wall 6mm (BaseLine),11.5,2.9335400000000003e-18,397256
Aluminum Wall 6mm (BaseLine),12.0,2.93533e-18,397583
Aluminum Wall 6mm (BaseLine),12.5,2.9364900000000004e-18,396508
Aluminum Wall 6mm (BaseLine),13.0,2.9324e-18,397235
Aluminum Wall 6mm (BaseLine),13.5,2.93404e-18,397616
Aluminum Wall 6mm (BaseLine),14.0,2.9352300000000004e-18,397474
Aluminum Wall 6mm (BaseLine),14.5,2.9338200000000004e-18,397507
Aluminum Wall 6mm (BaseLine),15.0,2.9340200000000002e-18,397473
HDPE,2.0,3.10261e-18,406099
HDPE,2.5,2.93233e-18,399227
HDPE,3.0,2.7543200000000003e-18,392160
HDPE,3.5,2.5681700000000003e-18,388102
HDPE,4.0,2.37147e-18,381689
HDPE,4.5,2.16356e-18,373255
HDPE,5.0,1.94117e-18,369740
HDPE,5.5,1.7033600000000002e-18,363615
HDPE,6.0,1.4399200000000002e-18,352793
HDPE,6.5,1.13558e-18,343717
HDPE,7.0,7.56276e-19,330471
HDPE,7.5,1.1618800000000001e-19,136949
HDPE,8.0,1.81632e-21,3087
HDPE,8.5,1.81562e-21,3192
HDPE,9.0,1.6423299999999999e-21,2971
HDPE,9.5,1.7476799999999998e-21,2999
HDPE,10.0,1.46707e-21,2853
HDPE,10.5,1.5481399999999999e-21,2833
HDPE,11.0,1.4871299999999999e-21,2724
HDPE,11.5,1.41248e-21,2560
HDPE,12.0,1.25456e-21,2361
HDPE,12.5,1.20625e-21,2343
HDPE,13.0,1.14586e-21,2059
HDPE,13.5,1.21309e-21,2297
HDPE,14.0,1.01073e-21,2000
HDPE,14.5,1.05629e-21,2018
HDPE,15.0,1.1100000000000001e-21,1988
Composite (27H:13S),2.0,2.7594e-18,391159
Composite (27H:13S),2.5,2.4833100000000002e-18,382594
Composite (27H:13S),3.0,2.1847500000000003e-18,374318
Composite (27H:13S),3.5,1.8537e-18,363267
Composite (27H:13S),4.0,1.4796300000000002e-18,355557
Composite (27H:13S),4.5,1.02461e-18,338811
Composite (27H:13S),5.0,3.07383e-19,273878
Composite (27H:13S),5.5,2.7102799999999998e-21,4427
Composite (27H:13S),6.0,2.54446e-21,3964
Composite (27H:13S),6.5,2.4053199999999997e-21,3633
Composite (27H:13S),7.0,2.21233e-21,3623
Composite (27H:13S),7.5,2.11029e-21,3541
Composite (27H:13S),8.0,2.0290699999999998e-21,3227
Composite (27H:13S),8.5,1.85387e-21,3200
Composite (27H:13S),9.0,1.80104e-21,3137
Composite (27H:13S),9.5,1.79493e-21,3025
Composite (27H:13S),10.0,1.69363e-21,2827
Composite (27H:13S),10.5,1.5066899999999999e-21,2649
Composite (27H:13S),11.0,1.4484799999999999e-21,2472
Composite (27H:13S),11.5,1.4831699999999999e-21,2420
Composite (27H:13S),12.0,1.34648e-21,2207
Composite (27H:13S),12.5,1.26997e-21,2265
Composite (27H:13S),13.0,1.24634e-21,2156
Composite (27H:13S),13.5,1.23013e-21,2031
Composite (27H:13S),14.0,1.1478699999999999e-21,1955
Composite (27H:13S),14.5,1.07386e-21,1847
Composite (27H:13S),15.0,1.12132e-21,1997
Aluminum Wall 6mm (BaseLine),2.0,1.10639e-23,16
Aluminum Wall 6mm (BaseLine),2.5,1.36133e-23,16
Aluminum Wall 6mm (BaseLine),3.0,1.8093800000000002e-23,16
Aluminum Wall 6mm (BaseLine),3.5,1.2415600000000001e-23,11
Aluminum Wall 6mm (BaseLine),4.0,1.39693e-23,22
Aluminum Wall 6mm (BaseLine),4.5,1.2161100000000001e-23,11
Aluminum Wall 6mm (BaseLine),5.0,1.47983e-23,8
Aluminum Wall 6mm (BaseLine),5.5,1.83487e-23,20
Aluminum Wall 6mm (BaseLine),6.0,1.57959e-23,9
Aluminum Wall 6mm (BaseLine),6.5,1.44263e-23,11
Aluminum Wall 6mm (BaseLine),7.0,1.66746e-23,23
Aluminum Wall 6mm (BaseLine),7.5,1.71875e-23,14
Aluminum Wall 6mm (BaseLine),8.0,1.0231e-23,13
Aluminum Wall 6mm (BaseLine),8.5,1.29908e-23,13
Aluminum Wall 6mm (BaseLine),9.0,8.00357e-24,10
Aluminum Wall 6mm (BaseLine),9.5,1.34473e-23,21
Aluminum Wall 6mm (BaseLine),10.0,1.27805e-23,17
Aluminum Wall 6mm (BaseLine),10.5,8.01577e-24,13
Aluminum Wall 6mm (BaseLine),11.0,8.09689e-24,5
Aluminum Wall 6mm (BaseLine),11.5,1.2596800000000001e-23,20
Aluminum Wall 6mm (BaseLine),12.0,1.61388e-23,4
Aluminum Wall 6mm (BaseLine),12.5,1.2471600000000001e-23,17
Aluminum Wall 6mm (BaseLine),13.0,9.810560000000001e-24,14
Aluminum Wall 6mm (BaseLine),13.5,7.1053e-24,21
Aluminum Wall 6mm (BaseLine),14.0,1.0188700000000001e-23,7
Aluminum Wall 6mm (BaseLine),14.5,5.67201e-24,4
Aluminum Wall 6mm (BaseLine),15.0,6.0367900000000004e-24,6
HDPE,2.0,1.15692e-23,10
HDPE,2.5,5.6872e-24,8
HDPE,3.0,7.5957e-24,6
HDPE,3.5,4.2181600000000006e-24,7
HDPE,4.0,3.64021e-24,5
HDPE,4.5,1.97989e-24,1
HDPE,5.0,4.92863e-24,3
HDPE,5.5,1.7655800000000003e-24,3
HDPE,6.0,7.41277e-24,6
HDPE,6.5,2.79892e-24,2
HDPE,7.0,4.13811e-25,2
HDPE,7.5,2.2085400000000002e-24,2
HDPE,8.0,2.03187e-24,7
HDPE,8.5,1.88839e-24,4
HDPE,9.0,4.29691e-24,4
HDPE,9.5,2.9693200000000004e-24,4
HDPE,10.0,3.8817700000000006e-24,2
HDPE,10.5,1.8849300000000003e-24,5
HDPE,11.0,2.8319600000000003e-24,3
HDPE,11.5,6.800700000000001e-25,5
HDPE,12.0,1.4888900000000002e-24,4
HDPE,12.5,1.36125e-24,2
HDPE,13.0,6.52946e-25,0
HDPE,13.5,1.5664100000000001e-24,4
HDPE,14.0,3.5929e-24,2
HDPE,14.5,1.3552100000000001e-24,1
HDPE,15.0,3.0169500000000002e-24,5
Composite (27H:13S),2.0,7.51585e-24,4
Composite (27H:13S),2.5,9.233440000000001e-24,8
Composite (27H:13S),3.0,7.850110000000001e-24,11
Composite (27H:13S),3.5,1.01443e-23,22
Composite (27H:13S),4.0,6.843e-24,7
Composite (27H:13S),4.5,5.7859700000000005e-24,5
Composite (27H:13S),5.0,1.13697e-23,11
Composite (27H:13S),5.5,4.2174200000000006e-24,9
Composite (27H:13S),6.0,4.70383e-24,5
Composite (27H:13S),6.5,2.8037700000000003e-24,3
Composite (27H:13S),7.0,5.3976200000000004e-24,3
Composite (27H:13S),7.5,6.248310000000001e-24,7
Composite (27H:13S),8.0,2.87546e-24,3
Composite (27H:13S),8.5,3.9256600000000006e-24,2
Composite (27H:13S),9.0,1.07953e-23,11
Composite (27H:13S),9.5,5.4043400000000005e-24,5
Composite (27H:13S),10.0,3.3632e-24,3
Composite (27H:13S),10.5,3.2324800000000003e-24,5
Composite (27H:13S),11.0,3.1708200000000004e-24,8
Composite (27H:13S),11.5,3.0320600000000002e-24,3
Composite (27H:13S),12.0,3.73653e-24,3
Composite (27H:13S),12.5,4.39356e-25,0
Composite (27H:13S),13.0,1.3735700000000002e-24,2
Composite (27H:13S),13.5,3.47352e-24,5
Composite (27H:13S),14.0,5.79635e-25,6
Composite (27H:13S),14.5,1.79717e-24,3
Composite (27H:13S),15.0,3.0930600000000002e-24,1
Aluminum Wall 6mm (BaseLine),2.0,2.6456900000000004e-18,107376
Aluminum Wall 6mm (BaseLine),2.5,2.64634e-18,105980
Aluminum Wall 6mm (BaseLine),3.0,2.6441800000000003e-18,106865
Aluminum Wall 6mm (BaseLine),3.5,2.64383e-18,107159
Aluminum Wall 6mm (BaseLine),4.0,2.6453e-18,106399
Aluminum Wall 6mm (BaseLine),4.5,2.6465800000000004e-18,108903
Aluminum Wall 6mm (BaseLine),5.0,2.6458400000000003e-18,108096
Aluminum Wall 6mm (BaseLine),5.5,2.6457700000000002e-18,106727
Aluminum Wall 6mm (BaseLine),6.0,2.6485700000000003e-18,107188
Aluminum Wall 6mm (BaseLine),6.5,2.6484200000000003e-18,107584
Aluminum Wall 6mm (BaseLine),7.0,2.64527e-18,106479
Aluminum Wall 6mm (BaseLine),7.5,2.6443700000000004e-18,106540
Aluminum Wall 6mm (BaseLine),8.0,2.64545e-18,106271
Aluminum Wall 6mm (BaseLine),8.5,2.6477500000000004e-18,107130
Aluminum Wall 6mm (BaseLine),9.0,2.64484e-18,107506
Aluminum Wall 6mm (BaseLine),9.5,2.64373e-18,103279
Aluminum Wall 6mm (BaseLine),10.0,2.6447600000000002e-18,106157
Aluminum Wall 6mm (BaseLine),10.5,2.6450800000000004e-18,106223
Aluminum Wall 6mm (BaseLine),11.0,2.64591e-18,106809
Aluminum Wall 6mm (BaseLine),11.5,2.6466700000000003e-18,106161
Aluminum Wall 6mm (BaseLine),12.0,2.64497e-18,106124
Aluminum Wall 6mm (BaseLine),12.5,2.6428600000000003e-18,105626
Aluminum Wall 6mm (BaseLine),13.0,2.6421e-18,105057
Aluminum Wall 6mm (BaseLine),13.5,2.644e-18,105496
Aluminum Wall 6mm (BaseLine),14.0,2.6437800000000003e-18,105682
Aluminum Wall 6mm (BaseLine),14.5,2.6436600000000003e-18,104038
Aluminum Wall 6mm (BaseLine),15.0,2.64509e-18,105459
Aluminum Wall 6mm (BaseLine),15.5,2.6420400000000004e-18,103947
Aluminum Wall 6mm (BaseLine),16.0,2.64392e-18,105334
Aluminum Wall 6mm (BaseLine),16.5,2.6439e-18,105908
Aluminum Wall 6mm (BaseLine),17.0,2.6426700000000002e-18,103806
Aluminum Wall 6mm (BaseLine),17.5,2.64251e-18,103389
Aluminum Wall 6mm (BaseLine),18.0,2.6407400000000002e-18,104494
Aluminum Wall 6mm (BaseLine),18.5,2.64233e-18,103412
Aluminum Wall 6mm (BaseLine),19.0,2.64497e-18,106694
Aluminum Wall 6mm (BaseLine),19.5,2.6461200000000004e-18,106376
Aluminum Wall 6mm (BaseLine),20.0,2.64233e-18,104182
HDPE,2.0,2.60255e-18,104159
HDPE,2.5,2.66304e-18,105707
HDPE,3.0,2.72844e-18,108151
HDPE,3.5,2.8042200000000003e-18,111773
HDPE,4.0,2.88537e-18,113974
HDPE,4.5,2.98597e-18,117906
HDPE,5.0,3.1092e-18,122419
HDPE,5.5,3.2708e-18,126702
HDPE,6.0,3.5221100000000004e-18,147497
HDPE,6.5,3.85731e-18,376147
HDPE,7.0,3.7670700000000006e-18,419524
HDPE,7.5,3.62311e-18,411802
HDPE,8.0,3.4721e-18,402868
HDPE,8.5,3.33072e-18,403596
HDPE,9.0,3.1729e-18,395124
HDPE,9.5,3.01647e-18,387035
HDPE,10.0,2.8576200000000004e-18,386571
HDPE,10.5,2.6875200000000004e-18,375891
HDPE,11.0,2.51381e-18,372114
HDPE,11.5,2.33627e-18,362947
HDPE,12.0,2.14281e-18,358254
HDPE,12.5,1.9463e-18,348654
HDPE,13.0,1.73149e-18,340499
HDPE,13.5,1.50535e-18,333754
HDPE,14.0,1.24728e-18,324565
HDPE,14.5,9.484690000000001e-19,313236
HDPE,15.0,5.6212e-19,290795
HDPE,15.5,5.3973799999999997e-20,57508
HDPE,16.0,3.00614e-21,5357
HDPE,16.5,2.9462899999999998e-21,5114
HDPE,17.0,2.79598e-21,4982
HDPE,17.5,2.6529299999999997e-21,4916
HDPE,18.0,2.56588e-21,4676
HDPE,18.5,2.7973899999999998e-21,4506
HDPE,19.0,2.64947e-21,4565
HDPE,19.5,2.388e-21,4303
HDPE,20.0,2.2917299999999998e-21,4106
Composite (27H:13S),2.0,2.72049e-18,110745
Composite (27H:13S),2.5,2.82885e-18,113118
Composite (27H:13S),3.0,2.9653700000000004e-18,117669
Composite (27H:13S),3.5,3.15052e-18,123294
Composite (27H:13S),4.0,3.4622e-18,141110
Composite (27H:13S),4.5,3.83194e-18,415065
Composite (27H:13S),5.0,3.62494e-18,411558
Composite (27H:13S),5.5,3.4057400000000004e-18,402282
Composite (27H:13S),6.0,3.18707e-18,396708
Composite (27H:13S),6.5,2.9488800000000003e-18,384827
Composite (27H:13S),7.0,2.70714e-18,377838
Composite (27H:13S),7.5,2.45101e-18,371360
Composite (27H:13S),8.0,2.18461e-18,358157
Composite (27H:13S),8.5,1.8909400000000002e-18,347018
Composite (27H:13S),9.0,1.56877e-18,336587
Composite (27H:13S),9.5,1.19936e-18,322909
Composite (27H:13S),10.0,7.271730000000001e-19,304189
Composite (27H:13S),10.5,4.2140199999999994e-20,47196
Composite (27H:13S),11.0,4.83818e-21,7811
Composite (27H:13S),11.5,4.49067e-21,7310
Composite (27H:13S),12.0,4.79304e-21,7171
Composite (27H:13S),12.5,4.20011e-21,6763
Composite (27H:13S),13.0,3.92141e-21,6602
Composite (27H:13S),13.5,3.9308999999999994e-21,6258
Composite (27H:13S),14.0,3.51159e-21,5854
Composite (27H:13S),14.5,3.47118e-21,5377
Composite (27H:13S),15.0,3.56229e-21,5372
Composite (27H:13S),15.5,3.19487e-21,5239
Composite (27H:13S),16.0,2.8985599999999998e-21,4728
Composite (27H:13S),16.5,3.04124e-21,4608
Composite (27H:13S),17.0,2.97442e-21,4541
Composite (27H:13S),17.5,2.98428e-21,4230
Composite (27H:13S),18.0,2.6871099999999998e-21,4224
Composite (27H:13S),18.5,2.6898899999999997e-21,4084
Composite (27H:13S),19.0,2.30128e-21,3611
Composite (27H:13S),19.5,2.29498e-21,3478
Composite (27H:13S),20.0,2.41817e-21,3520
Aluminum Wall 6mm (BaseLine),2.0,2.87555e-22,339
Aluminum Wall 6mm (BaseLine),2.5,3.18521e-22,344
Aluminum Wall 6mm (BaseLine),3.0,2.82836e-22,250
Aluminum Wall 6mm (BaseLine),3.5,2.36663e-22,274
Aluminum Wall 6mm (BaseLine),4.0,2.41513e-22,274
Aluminum Wall 6mm (BaseLine),4.5,2.7806399999999997e-22,314
Aluminum Wall 6mm (BaseLine),5.0,2.604e-22,244
Aluminum Wall 6mm (BaseLine),5.5,2.42418e-22,221
Aluminum Wall 6mm (BaseLine),6.0,2.01341e-22,209
Aluminum Wall 6mm (BaseLine),6.5,2.38265e-22,259
Aluminum Wall 6mm (BaseLine),7.0,2.2575e-22,277
Aluminum Wall 6mm (BaseLine),7.5,2.1093699999999999e-22,234
Aluminum Wall 6mm (BaseLine),8.0,1.96986e-22,198
Aluminum Wall 6mm (BaseLine),8.5,2.21486e-22,274
Aluminum Wall 6mm (BaseLine),9.0,1.91402e-22,217
Aluminum Wall 6mm (BaseLine),9.5,2.30361e-22,215
Aluminum Wall 6mm (BaseLine),10.0,1.68327e-22,172
Aluminum Wall 6mm (BaseLine),10.5,1.84836e-22,208
Aluminum Wall 6mm (BaseLine),11.0,1.74214e-22,204
Aluminum Wall 6mm (BaseLine),11.5,1.9617199999999999e-22,170
Aluminum Wall 6mm (BaseLine),12.0,1.81295e-22,190
Aluminum Wall 6mm (BaseLine),12.5,1.77481e-22,193
Aluminum Wall 6mm (BaseLine),13.0,1.5428e-22,209
Aluminum Wall 6mm (BaseLine),13.5,1.46913e-22,181
Aluminum Wall 6mm (BaseLine),14.0,1.60597e-22,191
Aluminum Wall 6mm (BaseLine),14.5,1.44049e-22,161
Aluminum Wall 6mm (BaseLine),15.0,1.71362e-22,180
HDPE,2.0,1.68264e-22,148
HDPE,2.5,1.9366599999999999e-22,191
HDPE,3.0,1.56287e-22,118
HDPE,3.5,1.41921e-22,178
HDPE,4.0,1.52524e-22,146
HDPE,4.5,1.33512e-22,156
HDPE,5.0,1.29821e-22,132
HDPE,5.5,1.24821e-22,159
HDPE,6.0,1.41559e-22,124
HDPE,6.5,1.09977e-22,120
HDPE,7.0,9.063960000000001e-23,102
HDPE,7.5,9.336670000000001e-23,129
HDPE,8.0,1.0692799999999999e-22,128
HDPE,8.5,9.3692e-23,111
HDPE,9.0,8.60302e-23,112
HDPE,9.5,1.08537e-22,119
HDPE,10.0,7.83132e-23,109
HDPE,10.5,8.614690000000001e-23,114
HDPE,11.0,4.95656e-23,80
HDPE,11.5,7.371370000000001e-23,84
HDPE,12.0,8.543890000000001e-23,83
HDPE,12.5,6.41904e-23,71
HDPE,13.0,6.72078e-23,71
HDPE,13.5,5.92624e-23,63
HDPE,14.0,5.03286e-23,74
HDPE,14.5,5.69266e-23,70
HDPE,15.0,4.92287e-23,87
Composite (27H:13S),2.0,2.52809e-22,271
Composite (27H:13S),2.5,2.20092e-22,197
Composite (27H:13S),3.0,2.46732e-22,215
Composite (27H:13S),3.5,1.61003e-22,178
Composite (27H:13S),4.0,1.78251e-22,209
Composite (27H:13S),4.5,2.03496e-22,190
Composite (27H:13S),5.0,1.7038499999999999e-22,195
Composite (27H:13S),5.5,1.37525e-22,188
Composite (27H:13S),6.0,1.50189e-22,165
Composite (27H:13S),6.5,1.3636e-22,170
Composite (27H:13S),7.0,1.17744e-22,125
Composite (27H:13S),7.5,1.36426e-22,178
Composite (27H:13S),8.0,1.3508499999999999e-22,136
Composite (27H:13S),8.5,1.0341399999999999e-22,134
Composite (27H:13S),9.0,9.99233e-23,119
Composite (27H:13S),9.5,1.07399e-22,114
Composite (27H:13S),10.0,9.759940000000001e-23,115
Composite (27H:13S),10.5,9.442e-23,109
Composite (27H:13S),11.0,7.43735e-23,76
Composite (27H:13S),11.5,9.661480000000001e-23,108
Composite (27H:13S),12.0,5.74109e-23,92
Composite (27H:13S),12.5,7.98152e-23,88
Composite (27H:13S),13.0,5.774320000000001e-23,81
Composite (27H:13S),13.5,6.59743e-23,60
Composite (27H:13S),14.0,4.53958e-23,57
Composite (27H:13S),14.5,5.65254e-23,61
Composite (27H:13S),15.0,7.27553e-23,85
Aluminum Wall 6mm (BaseLine),2.0,1.59016e-18,98194
Aluminum Wall 6mm (BaseLine),2.5,1.58884e-18,98167
Aluminum Wall 6mm (BaseLine),3.0,1.5910500000000001e-18,98307
Aluminum Wall 6mm (BaseLine),3.5,1.5955500000000001e-18,99965
Aluminum Wall 6mm (BaseLine),4.0,1.59571e-18,98459
Aluminum Wall 6mm (BaseLine),4.5,1.5867700000000001e-18,97190
Aluminum Wall 6mm (BaseLine),5.0,1.5895100000000002e-18,96790
Aluminum Wall 6mm (BaseLine),5.5,1.5926400000000002e-18,98665
Aluminum Wall 6mm (BaseLine),6.0,1.5924100000000002e-18,97965
Aluminum Wall 6mm (BaseLine),6.5,1.5925100000000001e-18,97222
Aluminum Wall 6mm (BaseLine),7.0,1.59048e-18,97411
Aluminum Wall 6mm (BaseLine),7.5,1.5840600000000002e-18,96026
Aluminum Wall 6mm (BaseLine),8.0,1.58477e-18,97259
Aluminum Wall 6mm (BaseLine),8.5,1.58738e-18,95856
Aluminum Wall 6mm (BaseLine),9.0,1.5905600000000001e-18,97928
Aluminum Wall 6mm (BaseLine),9.5,1.5892600000000002e-18,98667
Aluminum Wall 6mm (BaseLine),10.0,1.5857800000000002e-18,96911
Aluminum Wall 6mm (BaseLine),10.5,1.5843500000000002e-18,95506
Aluminum Wall 6mm (BaseLine),11.0,1.5919400000000001e-18,98186
Aluminum Wall 6mm (BaseLine),11.5,1.5879900000000002e-18,96834
Aluminum Wall 6mm (BaseLine),12.0,1.5875e-18,96639
Aluminum Wall 6mm (BaseLine),12.5,1.5854400000000002e-18,97097
Aluminum Wall 6mm (BaseLine),13.0,1.5838900000000002e-18,96307
Aluminum Wall 6mm (BaseLine),13.5,1.5795e-18,94805
Aluminum Wall 6mm (BaseLine),14.0,1.5877900000000002e-18,96412
Aluminum Wall 6mm (BaseLine),14.5,1.5804500000000001e-18,95178
Aluminum Wall 6mm (BaseLine),15.0,1.58043e-18,96308
HDPE,2.0,1.5807900000000002e-18,96326
HDPE,2.5,1.5972100000000002e-18,97425
HDPE,3.0,1.6055e-18,98167
HDPE,3.5,1.62172e-18,100408
HDPE,4.0,1.6266400000000002e-18,99108
HDPE,4.5,1.63645e-18,101553
HDPE,5.0,1.64053e-18,101511
HDPE,5.5,1.6522800000000002e-18,102150
HDPE,6.0,1.65784e-18,102545
HDPE,6.5,1.6649e-18,102079
HDPE,7.0,1.6729e-18,104290
HDPE,7.5,1.6874100000000001e-18,106852
HDPE,8.0,1.69413e-18,106132
HDPE,8.5,1.6926300000000001e-18,107128
HDPE,9.0,1.70585e-18,106928
HDPE,9.5,1.7094800000000002e-18,108616
HDPE,10.0,1.7168e-18,108950
HDPE,10.5,1.7160200000000002e-18,109030
HDPE,11.0,1.7318e-18,110217
HDPE,11.5,1.7297700000000002e-18,109683
HDPE,12.0,1.7427e-18,111109
HDPE,12.5,1.74689e-18,110640
HDPE,13.0,1.7470800000000003e-18,110048
HDPE,13.5,1.74985e-18,110073
HDPE,14.0,1.76228e-18,111726
HDPE,14.5,1.76201e-18,110611
HDPE,15.0,1.7707100000000003e-18,111954
Composite (27H:13S),2.0,1.60673e-18,99574
Composite (27H:13S),2.5,1.6172900000000001e-18,100415
Composite (27H:13S),3.0,1.6364600000000002e-18,103729
Composite (27H:13S),3.5,1.6441e-18,102856
Composite (27H:13S),4.0,1.6585800000000001e-18,104539
Composite (27H:13S),4.5,1.67332e-18,107556
Composite (27H:13S),5.0,1.6820200000000002e-18,108388
Composite (27H:13S),5.5,1.6883500000000001e-18,108454
Composite (27H:13S),6.0,1.69574e-18,109093
Composite (27H:13S),6.5,1.7037400000000001e-18,110949
Composite (27H:13S),7.0,1.7104300000000002e-18,110844
Composite (27H:13S),7.5,1.7214e-18,111913
Composite (27H:13S),8.0,1.7334200000000002e-18,112942
Composite (27H:13S),8.5,1.7408500000000003e-18,114919
Composite (27H:13S),9.0,1.74537e-18,114166
Composite (27H:13S),9.5,1.75096e-18,115832
Composite (27H:13S),10.0,1.75259e-18,116098
Composite (27H:13S),10.5,1.7624300000000003e-18,116500
Composite (27H:13S),11.0,1.7674e-18,116544
Composite (27H:13S),11.5,1.76553e-18,115009
Composite (27H:13S),12.0,1.78288e-18,118069
Composite (27H:13S),12.5,1.77713e-18,116259
Composite (27H:13S),13.0,1.7841200000000003e-18,117383
Composite (27H:13S),13.5,1.78942e-18,118038
Composite (27H:13S),14.0,1.7937600000000003e-18,117796
Composite (27H:13S),14.5,1.79604e-18,117279
Composite (27H:13S),15.0,1.80663e-18,119299
Aluminum Wall 6mm (BaseLine),2.0,1.25218e-21,1693
Aluminum Wall 6mm (BaseLine),2.5,1.17098e-21,1617
Aluminum Wall 6mm (BaseLine),3.0,1.1923199999999999e-21,1621
Aluminum Wall 6mm (BaseLine),3.5,1.2459699999999999e-21,1610
Aluminum Wall 6mm (BaseLine),4.0,1.1516e-21,1686
Aluminum Wall 6mm (BaseLine),4.5,1.1324899999999999e-21,1522
Aluminum Wall 6mm (BaseLine),5.0,1.06564e-21,1440
Aluminum Wall 6mm (BaseLine),5.5,9.565e-22,1359
Aluminum Wall 6mm (BaseLine),6.0,1.0491399999999999e-21,1396
Aluminum Wall 6mm (BaseLine),6.5,9.31233e-22,1346
Aluminum Wall 6mm (BaseLine),7.0,1.00228e-21,1319
Aluminum Wall 6mm (BaseLine),7.5,9.97959e-22,1235
Aluminum Wall 6mm (BaseLine),8.0,9.16539e-22,1268
Aluminum Wall 6mm (BaseLine),8.5,8.76326e-22,1203
Aluminum Wall 6mm (BaseLine),9.0,9.14092e-22,1178
Aluminum Wall 6mm (BaseLine),9.5,8.97687e-22,1202
Aluminum Wall 6mm (BaseLine),10.0,8.44035e-22,1198
Aluminum Wall 6mm (BaseLine),10.5,7.90729e-22,1140
Aluminum Wall 6mm (BaseLine),11.0,7.32011e-22,1076
Aluminum Wall 6mm (BaseLine),11.5,7.23044e-22,996
Aluminum Wall 6mm (BaseLine),12.0,7.51742e-22,1065
Aluminum Wall 6mm (BaseLine),12.5,7.76889e-22,1099
Aluminum Wall 6mm (BaseLine),13.0,6.82365e-22,976
Aluminum Wall 6mm (BaseLine),13.5,7.02452e-22,997
Aluminum Wall 6mm (BaseLine),14.0,7.00225e-22,949
Aluminum Wall 6mm (BaseLine),14.5,6.37169e-22,1010
Aluminum Wall 6mm (BaseLine),15.0,7.10037e-22,996
HDPE,2.0,4.1722200000000003e-19,343637
HDPE,2.5,7.079429999999999e-22,906
HDPE,3.0,6.95121e-22,938
HDPE,3.5,6.24415e-22,810
HDPE,4.0,5.50388e-22,736
HDPE,4.5,5.61911e-22,767
HDPE,5.0,5.29474e-22,717
HDPE,5.5,5.28497e-22,649
HDPE,6.0,4.87951e-22,708
HDPE,6.5,4.65765e-22,684
HDPE,7.0,4.3457e-22,687
HDPE,7.5,3.86682e-22,564
HDPE,8.0,4.33174e-22,555
HDPE,8.5,4.1631999999999996e-22,623
HDPE,9.0,3.5265399999999997e-22,568
HDPE,9.5,3.3642e-22,498
HDPE,10.0,3.11626e-22,454
HDPE,10.5,2.8179e-22,430
HDPE,11.0,2.89227e-22,469
HDPE,11.5,2.32076e-22,462
HDPE,12.0,2.47093e-22,424
HDPE,12.5,2.4003499999999998e-22,420
HDPE,13.0,2.25265e-22,402
HDPE,13.5,2.08738e-22,403
HDPE,14.0,1.9139999999999998e-22,382
HDPE,14.5,2.01674e-22,299
HDPE,15.0,1.89644e-22,355
Composite (27H:13S),2.0,9.77902e-22,1037
Composite (27H:13S),2.5,9.05381e-22,1043
Composite (27H:13S),3.0,8.04224e-22,974
Composite (27H:13S),3.5,7.36682e-22,967
Composite (27H:13S),4.0,7.081649999999999e-22,921
Composite (27H:13S),4.5,6.21917e-22,885
Composite (27H:13S),5.0,6.14892e-22,789
Composite (27H:13S),5.5,5.92896e-22,890
Composite (27H:13S),6.0,5.36305e-22,863
Composite (27H:13S),6.5,5.49093e-22,828
Composite (27H:13S),7.0,5.15797e-22,759
Composite (27H:13S),7.5,4.83299e-22,695
Composite (27H:13S),8.0,4.66969e-22,590
Composite (27H:13S),8.5,4.00266e-22,570
Composite (27H:13S),9.0,4.3108799999999995e-22,631
Composite (27H:13S),9.5,3.74415e-22,594
Composite (27H:13S),10.0,3.64808e-22,535
Composite (27H:13S),10.5,3.55413e-22,596
Composite (27H:13S),11.0,3.3077099999999998e-22,472
Composite (27H:13S),11.5,2.84588e-22,498
Composite (27H:13S),12.0,2.72875e-22,421
Composite (27H:13S),12.5,2.88213e-22,399
Composite (27H:13S),13.0,2.56277e-22,415
Composite (27H:13S),13.5,2.55348e-22,390
Composite (27H:13S),14.0,2.6563e-22,404
Composite (27H:13S),14.5,2.0756999999999999e-22,342
Composite (27H:13S),15.0,2.02956e-22,297
